"0","# load data"
"0","print(""Load data"")"
"1","[1]"
"1"," ""Load data"""
"1","
"
"0","S.test <- read.csv(file = paste0(PARAM$folder.data, ""test/pheno_test.csv""), row.names=1,)"
"0","S.train <- read.csv(file = paste0(PARAM$folder.data, ""train/pheno_training.csv""), row.names=1,)"
"0","S.val <- read.csv(file = paste0(PARAM$folder.data, ""validation/pheno_validation.csv""), row.names=1,)"
"0",""
"0","O.test <- read.csv(file = paste0(PARAM$folder.data, ""test/readcounts_test.csv""), row.names=1,)"
"0","O.train <- read.csv(file = paste0(PARAM$folder.data, ""train/readcounts_training.csv""), row.names=1,)"
"0","O.val <- read.csv(file = paste0(PARAM$folder.data, ""validation/readcounts_validation.csv""), row.names=1,)"
"0","###############################################################################"
"0","# set parameters"
"0","alpha_level = 1"
"0","# change rownames with fake ids for convenience"
"0","rows <- rownames(O.train)  "
"0","seq=seq(1:c(length(rows)))"
"0","fakename<- sapply(seq,"
"0","                  function(x) paste('bacteria', x))"
"0","fakename = gsub("" "","""",as.character(fakename))"
"0","rownames(O.train) <- fakename"
"0",""
"0","data <- cbind(meta(S.train), t(O.train))"
"0","data$Event_time<- as.numeric(data$Event_time)"
"0","# exclude any minus value"
"0","data <- subset(data, Event_time > 0 & Event_time < 17)"
"0","data <- subset(data, !is.na(Event_time))"
"0","data <- subset(data, !is.na(Event))  "
"0",""
"0","# define potential predictors"
"0","predictors <- c(colnames(S.train), rownames(O.train))"
"0",""
"0","# choose only HF cases and eliminate ""NA"""
"0","data <- subset(data, select=predictors, PrevalentHFAIL==0&!is.na(Event))"
"0",""
"0","###############################################################################"
"0","# Fix and combine train and test datasets"
"0","# change rownames with fake ids for convenience"
"0","rownames(O.test) <- fakename"
"0","rownames(O.val) <- fakename"
"0",""
"0","df.test <- cbind(meta(S.test), t(O.test))"
"0","df.test$Event_time <- as.numeric(df.test$Event_time)"
"0","# exclude any minus value"
"0","df.test <- subset(df.test, Event_time > 0 & Event_time < 17)"
"0",""
"0","df.val <- cbind(meta(S.val), t(O.val))"
"0","df.val$Event_time <- as.numeric(df.val$Event_time)"
"0","# exclude any minus value"
"0","df.val <- subset(df.val, Event_time > 0 & Event_time < 17)"
"0",""
"0","#rm(O.train, O.test, O.val, S.test, S.val, S.train,fakename )"
"0",""
"0","save(data, df.test, df.val, file=paste0(PARAM$folder.result,""dream_files.RData""))"
"0","#SUBSET FOR TESTING"
"0",""
"0","data=data[1:300,1:20]"
"0","predictors=predictors[1:20]"
