{"chunk_definitions":[{"row":31,"row_count":1,"visible":true,"expansion_state":0,"options":{"engine":"r","warning":false,"message":false,"label":"unnamed-chunk-1"},"document_id":"408C0E1A","chunk_id":"c650k262bkwkb","chunk_label":"unnamed-chunk-1"},{"row":92,"row_count":1,"visible":true,"expansion_state":0,"options":{"engine":"r","warning":false,"message":false,"label":"unnamed-chunk-2"},"document_id":"408C0E1A","chunk_id":"cep51tqr7gkkr","chunk_label":"unnamed-chunk-2"},{"row":176,"row_count":1,"visible":true,"expansion_state":0,"options":{"engine":"r","label":"unnamed-chunk-8"},"document_id":"A1CDAE31","chunk_id":"c1xdnf5jnjyy2","chunk_label":"unnamed-chunk-3"},{"row":224,"row_count":1,"visible":true,"expansion_state":0,"options":{"engine":"r","label":"unnamed-chunk-5"},"document_id":"895557AA","chunk_id":"ctql6ah45jxd6","chunk_label":"unnamed-chunk-4"},{"row":287,"row_count":1,"visible":true,"expansion_state":0,"options":{"engine":"r","label":"unnamed-chunk-7"},"document_id":"895557AA","chunk_id":"c310l4xqs04wc","chunk_label":"unnamed-chunk-6"},{"row":311,"row_count":1,"visible":true,"expansion_state":0,"options":{"engine":"r","label":"unnamed-chunk-1"},"document_id":"895557AA","chunk_id":"cgclyqwbwc0yb","chunk_label":"unnamed-chunk-7"},{"row":444,"row_count":1,"visible":true,"expansion_state":0,"options":{"engine":"r","label":"unnamed-chunk-3"},"document_id":"895557AA","chunk_id":"c651wmjzrkrhq","chunk_label":"unnamed-chunk-8"}],"doc_write_time":1661851706}