"0","# Results *****************************"
"0","print(""Univariate Model Results"")"
"1","[1]"
"1"," ""Univariate Model Results"""
"1","
"
"0","results <- lapply(predictors, function(x) {"
"0","  df <- summary(univ_models[[x]])$coefficients %>% as.data.frame()"
"0","  df <- df[nrow(df), ] %>% "
"0","    dplyr::select(coef, ""se(coef)"", ""z"", ""Pr(>|z|)"") %>% "
"0","    set_colnames(c(""coef"", ""se_coef"", ""west_stat_value"", ""p"")) %>% "
"0","    dplyr::mutate(west_stat = ""Wald"")"
"0","  df <- df %>% "
"0","    mutate(predictor = x)"
"0","}) %>% "
"0","  do.call(rbind, .) "
"0",""
"0","# Multiple testing correction and results to better present"
"0","results <- results %>%"
"0","  dplyr::mutate(P_adjusted = p.adjust(p, ""BH"")) %>% "
"0","  ungroup %>% "
"0","  dplyr::mutate(PH = exp(coef)) %>% "
"0","  dplyr::mutate(p_adj = P_adjusted) %>% "
"0","  dplyr::mutate(direction = ifelse(coef < 0, ""negative"", ""positive"")) %>% "
"0","  dplyr::group_by(predictor) "
"0",""
"0","# Results in neat form for presentation"
"0","neat_results <- results %>% "
"0","  # filter(p == min(p)) %>% "
"0","  dplyr:: ungroup() %>% "
"0","  dplyr::mutate(HR = round(exp(coef),3)) %>% "
"0","  dplyr::mutate(HR_lower_95 = round(exp(coef - 1.96*se_coef), 3),"
"0","         HR_upper_95 = round(exp(coef + 1.96*se_coef), 3),"
"0","         P = round(p, 5),"
"0","         Coefficient = round(coef, 3),"
"0","         ""Coefficient SE"" = round(se_coef, 3)) %>% "
"0","  dplyr:: mutate(HR = paste0(HR, "" (95% CI, "", HR_lower_95, ""-"", HR_upper_95, "")"")) %>% "
"0","  dplyr::select(Predictor = predictor, Coefficient, ""Coefficient SE"", HR, ""p"",""P_adjusted"", ""west_stat_value"", ""west_stat"") %>%"
"0","  dplyr::mutate(HR = ifelse(is.na(Coefficient), NA, HR))  %>% "
"0","  dplyr::filter(P_adjusted < alpha_level) %>% "
"0","  dplyr::arrange(P_adjusted) %>% "
"0","  set_colnames(c(""Predictor"", ""Coefficient"", ""Coefficient SE"", ""HR"",""P-value"" ,""P (adjusted)"", ""west Statistic Value"", ""west Statistic""))"
"0","# export file"
"0","write.csv(neat_results, file=paste0(PARAM$folder.result, "
"0","                              Sys.Date(), ""_"","
"0","                              ""univariate_results.csv""))"
"0",""
