{"chunk_definitions":[{"row":30,"row_count":1,"visible":true,"expansion_state":0,"options":{"engine":"r","warning":false,"message":false,"label":"unnamed-chunk-16"},"document_id":"408C0E1A","chunk_id":"c650k262bkwkb","chunk_label":"unnamed-chunk-1"},{"row":77,"row_count":1,"visible":true,"expansion_state":0,"options":{"engine":"r","warning":false,"message":false,"label":"unnamed-chunk-1"},"document_id":"408C0E1A","chunk_id":"cep51tqr7gkkr","chunk_label":"unnamed-chunk-2"},{"row":146,"row_count":1,"visible":true,"expansion_state":0,"options":{"engine":"r","label":"unnamed-chunk-5"},"document_id":"895557AA","chunk_id":"cj76hfmsq63ur","chunk_label":"unnamed-chunk-3"},{"row":194,"row_count":1,"visible":true,"expansion_state":0,"options":{"engine":"r","label":"unnamed-chunk-1"},"document_id":"895557AA","chunk_id":"ctql6ah45jxd6","chunk_label":"unnamed-chunk-4"},{"row":255,"row_count":1,"visible":true,"expansion_state":0,"options":{"engine":"r","label":"unnamed-chunk-2"},"document_id":"895557AA","chunk_id":"ccorcu2k59s7m","chunk_label":"unnamed-chunk-6"},{"row":280,"row_count":1,"visible":true,"expansion_state":0,"options":{"engine":"r","label":"unnamed-chunk-5"},"document_id":"895557AA","chunk_id":"cgclyqwbwc0yb","chunk_label":"unnamed-chunk-7"},{"row":320,"row_count":1,"visible":true,"expansion_state":0,"options":{"engine":"r","label":"unnamed-chunk-1"},"document_id":"895557AA","chunk_id":"czj6reuse4lyq","chunk_label":"unnamed-chunk-8"}],"doc_write_time":1661260688}