"0","# Multivariate models **********************************************************"
"2","Warning message:
"
"2","The closing backticks on line 350 (""```"") in cox_models.Rmd do not match the opening backticks "" ```"" on line 314. You are recommended to fix either the opening or closing delimiter of the code chunk to use exactly the same numbers of backticks and same level of indentation (or blockquote). 
"
"0","model.list <- list(cox_subset = cox.mod.sex, "
"0","                   cox_meta_total = cox.mod.total.meta)"
"0","collect.hoslem <- data.frame()"
"0",""
"0","for (model in model.list){"
"0","  print(model$formula)"
"0","  pred <- Coxar(model, years=10, bh=NULL)"
"0","  test <- HosLem.test(model$y, pred, plot=FALSE)"
"0","  p.val <-  test$pval"
"0","  collect.hoslem <- rbind(collect.hoslem, p.val)"
"0","  colnames(collect.hoslem) <- ""p.val"""
"0","}"
"1","Surv(Event_time, Event) ~ Sex + Age
"
"1","Surv(Event_time, Event) ~ BodyMassIndex + Smoking + PrevalentDiabetes + 
"
"1","    SystolicBP + BPTreatment + NonHDLcholesterol + PrevalentCHD + 
"
"1","    Sex + PrevalentHFAIL + Age
"
"0","rownames(collect.hoslem) <- names(model.list)"
"0","collect.hoslem$p.adj <- p.adjust(collect.hoslem$p.val)"
"0",""
"0","# export file"
"0","hoslem.total <- rbind(collect.hoslem, collect.hoslem.u)"
"0","write.csv(hoslem.total, file=paste0(PARAM$folder.result, "
"0","                                      Sys.Date(),""_"","
"0","                                      ""Hosmer_lemesrow_scores.csv""))"
