"0","# load libraries "
"0","library(tidyverse)"
"0","library(survminer)"
"0","library(survival)"
"0","library(microbiome)"
"0","library(magrittr)"
"0","library(randomForestSRC)"
"0","set.seed(198257)"
"0",""
"0","mainDir <- ""/Users/ecekartal/Documents/SAEZ/projects/DREAM_HF_microbiome/DreamHF/"""
"0","subDir <- ""output"""
"0",""
"0","# create output folder"
"0","if (file.exists(subDir)){"
"0","  setwd(file.path(mainDir))"
"0","} else {"
"0","  dir.create(file.path(mainDir, subDir))"
"0","  setwd(file.path(mainDir))"
"0","}"
"0","# set parameters"
"0","PARAM <- list()"
"0","PARAM$folder.result <- paste0(mainDir, ""output/"")"
"0","PARAM$folder.data <- paste0(mainDir, ""/"")"
"0","source(paste0(mainDir,""/src/Hosmer.test_etc.R""))"
"2","Error in eval(ei, envir) : object 'univ_models' not found
"
