SampleID,Score
Simulated_2211,0.587721420173132
Simulated_1629,0.608406085147739
Simulated_1690,0.611091468594254
Simulated_1367,0.537701094738109
Simulated_3387,0.655913337825589
Simulated_1746,0.4989102142114
Simulated_3625,0.513690584392064
Simulated_1596,1.02778468552933
Simulated_3430,0.622127417215686
Simulated_1717,0.622560890341524
Simulated_1595,0.493377113771175
Simulated_1613,0.920962353371945
Simulated_1620,0.956829491224178
Simulated_1599,0.717399811616751
Simulated_1323,0.75195272386491
Simulated_1325,0.427379133628321
Simulated_1672,0.671654750583922
Simulated_1709,0.658851516794285
Simulated_1712,0.705839960471743
Simulated_1653,0.955001832582105
Simulated_1626,0.627193557014775
Simulated_295,1.2105184452899
Simulated_3394,0.632374793632306
Simulated_1327,1.33451001764428
Simulated_3476,0.774134068815862
Simulated_1788,1.11678947738893
Simulated_1680,0.590049325208152
Simulated_1635,0.647446886047551
Simulated_3499,1.10076647046323
Simulated_1642,1.20187613799231
Simulated_1729,0.3977021205378
Simulated_1655,0.934900910670152
Simulated_3386,0.831066529968967
Simulated_1342,0.436287348776276
Simulated_1662,0.427290163686048
Simulated_1684,0.894703901477443
Simulated_1624,0.786772637643786
Simulated_1648,0.63531597664129
Simulated_1739,0.716655320586301
Simulated_1719,1.0119583714723
Simulated_5801,0.704363451020358
Simulated_1351,0.938719386031476
Simulated_1656,1.23758799237708
Simulated_1677,1.39321483600866
Simulated_1336,0.74007229700493
Simulated_1701,0.631067595706455
Simulated_1602,0.962435671684534
Simulated_1621,1.01063205187855
Simulated_1355,1.1151497987917
Simulated_1640,0.640354688743502
Simulated_1741,0.73137053882041
Simulated_1740,0.565065080081659
Simulated_3467,0.626196161696509
Simulated_3475,0.677371535508539
Simulated_1828,0.547839229981044
Simulated_1824,0.578248537828862
Simulated_2210,0.636185136783077
Simulated_881,1.11671954352161
Simulated_1827,0.803391654171808
Simulated_294,1.05512633387104
Simulated_1404,0.773245210556968
Simulated_1407,0.84947181501685
Simulated_1406,0.497048525863348
Simulated_1409,0.972075607359423
Simulated_3535,0.742204224327817
Simulated_5802,0.668737552562633
Simulated_3398,0.615385987098463
Simulated_1521,0.677176813614742
Simulated_1513,0.620760479586632
Simulated_1518,0.904047298022841
Simulated_1524,1.0245895513823
Simulated_1530,0.75260471717928
Simulated_1413,0.596464697239571
Simulated_3525,0.841136911786047
Simulated_2861,0.835984783999758
Simulated_1479,0.659021299882135
Simulated_3397,0.821242452889998
Simulated_878,0.860898402460903
Simulated_955,0.768675863580104
Simulated_943,0.625318193701586
Simulated_969,0.794172532616156
Simulated_942,0.565561771408827
Simulated_874,0.590406015877908
Simulated_945,0.796191001656376
Simulated_961,0.483241885721105
Simulated_974,0.67876625294625
Simulated_964,1.06498288974864
Simulated_3396,0.701666904113826
Simulated_1245,1.13192613205898
Simulated_1490,0.622360559130312
Simulated_6178,0.945664231978792
Simulated_6176,0.656670461642026
Simulated_1257,0.488780716143317
Simulated_2271,0.815875129991043
Simulated_1359,0.940423531995075
Simulated_866,0.913303831305327
Simulated_856,0.905105005997558
Simulated_1768,0.579207738049536
Simulated_1391,0.880933538119056
Simulated_1390,0.990278618959481
Simulated_1307,0.554988282004915
Simulated_1424,0.444455615454925
Simulated_5788,0.75883821006467
Simulated_1422,0.601323633027613
Simulated_1314,0.56034708207205
Simulated_1421,0.673223066925179
Simulated_1311,0.706769793735857
Simulated_1272,0.578647032253858
Simulated_1269,1.03359781377824
Simulated_1460,0.632626309291414
Simulated_1465,0.774235198134631
Simulated_1463,0.798708209352666
Simulated_1469,0.756099245543802
Simulated_892,0.84157233372347
Simulated_893,0.809871412393842
Simulated_3407,0.913994056655226
Simulated_5790,0.838372182822767
Simulated_1820,0.447250350913737
Simulated_1365,1.28672197993432
Simulated_1507,0.78288503127356
Simulated_1508,0.648733250380896
Simulated_1767,0.570560029439564
Simulated_870,0.699537961184244
Simulated_865,1.62276075737107
Simulated_854,0.74960733446253
Simulated_1760,0.9906150330675
Simulated_1778,0.644617007670991
Simulated_1756,0.9416869684337
Simulated_2898,0.564116135373758
Simulated_1771,0.540724099622559
Simulated_862,0.619284795172951
Simulated_1758,0.750865508536198
Simulated_2281,0.645979663553992
Simulated_5075,0.689524645691339
Simulated_2897,1.08830387067611
Simulated_5071,1.29971850971604
Simulated_5516,1.01388740973908
Simulated_5069,0.39767429489709
Simulated_5068,1.19741112469739
Simulated_5009,0.691865144120429
Simulated_3347,0.805135437866059
Simulated_6810,1.28233800781423
Simulated_6794,0.58745395270868
Simulated_2916,0.975415928740685
Simulated_6623,0.655801005722477
Simulated_5014,0.676263476859137
Simulated_5005,1.23871664631616
Simulated_6622,0.559874622339952
Simulated_2915,0.607825193073909
Simulated_3352,0.678743429955115
Simulated_6800,0.837813430417024
Simulated_6807,1.09908296491807
Simulated_2906,1.20377050174045
Simulated_6811,0.875579243484861
Simulated_6554,1.133551621342
Simulated_2903,0.953797663047518
Simulated_6862,1.06064560912561
Simulated_6521,0.902990118506059
Simulated_6879,0.707270234079851
Simulated_6571,0.839653145607079
Simulated_6922,0.774332680392027
Simulated_2923,0.842425866670285
Simulated_6871,0.753070725699309
Simulated_6900,1.04359128031076
Simulated_6920,0.734687941078461
Simulated_6603,0.644457689943063
Simulated_6505,0.541715934377675
Simulated_6570,0.517251843496294
Simulated_6602,1.01692215874219
Simulated_6592,0.55123076085133
Simulated_6873,0.628930746338839
Simulated_6870,0.91431243619802
Simulated_6936,0.974350366018931
Simulated_6560,0.505664979534781
Simulated_6901,1.35474708341491
Simulated_6966,0.56416291632048
Simulated_2917,1.46518644719699
Simulated_6877,0.993162995913951
Simulated_6851,0.486691849649381
Simulated_6934,0.510912525232006
Simulated_2901,0.608297950495291
Simulated_6945,0.86041758815392
Simulated_6604,0.69687807609329
Simulated_6874,0.722033852506519
Simulated_6939,0.765090457843483
Simulated_6884,0.735152674442773
Simulated_6531,0.810428376462787
Simulated_6599,0.606733895799495
Simulated_6503,0.739279975985867
Simulated_6593,0.940967391090598
Simulated_6508,0.722197937016232
Simulated_6894,0.711045597444886
Simulated_6916,0.678196347567078
Simulated_6583,1.04361274648162
Simulated_6598,1.72037640046623
Simulated_6525,0.630028982238833
Simulated_6904,0.619020619133942
Simulated_6506,0.659471744658376
Simulated_2635,0.649877526321275
Simulated_6854,0.541540182549443
Simulated_6510,0.806278875117949
Simulated_6890,0.606633648504171
Simulated_2924,0.644230224864581
Simulated_6848,1.26343113406073
Simulated_6885,0.941266154346699
Simulated_5678,0.782863676126978
Simulated_6568,0.739088998701203
Simulated_2959,0.788353402957016
Simulated_3362,0.691327113634223
Simulated_3365,0.674847097673107
Simulated_2953,0.478971486158632
Simulated_6519,0.715120736745898
Simulated_2955,0.605607108746846
Simulated_2958,0.766944610673933
Simulated_2960,1.25847891094471
Simulated_2942,0.579907254358851
Simulated_2264,1.2064993591849
Simulated_3359,0.868298365118364
Simulated_2948,0.772235356934492
Simulated_6547,0.736487577280615
Simulated_6546,0.738134811045016
Simulated_6536,0.973765472053696
Simulated_6820,0.996372235353207
Simulated_6551,0.62008945058681
Simulated_6545,0.844790229599984
Simulated_101,0.570362905918116
Simulated_6535,0.492240232465395
Simulated_6817,0.562095537050563
Simulated_2062,0.665692970559033
Simulated_389,1.19104873121146
Simulated_4994,0.776502613523095
Simulated_391,0.571466463385063
Simulated_397,0.619869238872738
Simulated_374,0.588316184905472
Simulated_65,0.605236826712583
Simulated_6633,0.931149015136791
Simulated_387,0.719859754606182
Simulated_4600,0.583482878949352
Simulated_4606,0.670158281900904
Simulated_6734,0.937776079947065
Simulated_5049,1.02879612969027
Simulated_5056,0.626586375916781
Simulated_6760,0.466347451506605
Simulated_6757,0.490679769029554
Simulated_6748,0.443817149004508
Simulated_6726,0.703776964168392
Simulated_6736,0.797159016210466
Simulated_4601,0.578339609859961
Simulated_4586,0.682552941398214
Simulated_4587,0.576403495593966
Simulated_6758,0.773837051775281
Simulated_6741,1.00083905615532
Simulated_4595,0.948750047148482
Simulated_6738,0.668144445439334
Simulated_5080,0.51243998184163
Simulated_5062,0.524775406396822
Simulated_5081,0.492165779896139
Simulated_5083,0.790529977239959
Simulated_4637,0.630504814760558
Simulated_4642,0.709494118967791
Simulated_4639,0.633618218697523
Simulated_4584,0.514013571433533
Simulated_4583,0.782650421283727
Simulated_4754,0.55761280034485
Simulated_4730,0.850340299517054
Simulated_6763,1.21461216576406
Simulated_4786,0.604784103543602
Simulated_4791,0.562166690921588
Simulated_4748,0.844914185235235
Simulated_6750,0.583960901837863
Simulated_6761,0.786642228188105
Simulated_4576,0.519408785598995
Simulated_2447,0.832917493925667
Simulated_4743,0.619805987371319
Simulated_4733,0.860629553798486
Simulated_2065,0.697072072393495
Simulated_4566,1.0437205911655
Simulated_4552,0.492235696198958
Simulated_4565,0.721567388015894
Simulated_4556,1.44989931587605
Simulated_4711,0.710753662611948
Simulated_4560,0.63311434854017
Simulated_6713,0.834580621192626
Simulated_7151,0.609532055726414
Simulated_7059,0.508304215189023
Simulated_7181,0.55507637303278
Simulated_6680,0.494664093927944
Simulated_7166,0.824692947485489
Simulated_5799,0.457619503393718
Simulated_2438,0.868265584366856
Simulated_7205,0.657242241917383
Simulated_7132,0.536038092879493
Simulated_5155,0.89478539635494
Simulated_2386,1.01130864910896
Simulated_7220,0.817995891607296
Simulated_5148,0.745635913226419
Simulated_7074,0.541514467727063
Simulated_7193,0.740392056781455
Simulated_2066,0.891103659574535
Simulated_5109,0.589694992522011
Simulated_5128,1.11448304837021
Simulated_6678,0.637353476006259
Simulated_7179,0.473461948536063
Simulated_5114,0.613513743603112
Simulated_97,0.549604133191538
Simulated_6697,0.740954628115225
Simulated_7221,0.660353819907091
Simulated_47,1.17173011145352
Simulated_6723,1.09713897883724
Simulated_2380,0.836866891599878
Simulated_5151,0.903445964862463
Simulated_64,1.12382902513943
Simulated_7172,1.03362254447709
Simulated_7131,0.952788364507726
Simulated_7140,0.825265051056646
Simulated_7178,0.847200513091688
Simulated_6722,0.612563244865499
Simulated_2061,0.641964186827155
Simulated_5138,0.903542486462937
Simulated_7139,0.864930122724339
Simulated_7228,1.02823983435638
Simulated_7124,1.4218829258692
Simulated_6682,0.753006256737223
Simulated_7192,0.763935473653802
Simulated_5160,0.7568726538875
Simulated_7153,0.879946932609662
Simulated_45,0.742781455588802
Simulated_5136,0.76533714916026
Simulated_5144,0.649524015164377
Simulated_5121,1.0181547073215
Simulated_5112,0.605394902819657
Simulated_6685,0.542820569222117
Simulated_6687,0.872427438942194
Simulated_6696,0.573606427806557
Simulated_7198,0.681559846357614
Simulated_5111,0.913876061615468
Simulated_6827,0.635329260055477
Simulated_5116,0.498240667110424
Simulated_7115,0.887632323512705
Simulated_5122,1.01986041578283
Simulated_7209,0.539485687419928
Simulated_6670,0.778332513323176
Simulated_5110,0.75459169435046
Simulated_7196,0.567283037973902
Simulated_5118,1.27593519417793
Simulated_7224,0.612871022941079
Simulated_7212,0.933880181761256
Simulated_7012,1.00417065412946
Simulated_4789,0.757114989270587
Simulated_7065,0.744934181220963
Simulated_7092,0.884535995105934
Simulated_98,1.08131340248728
Simulated_7015,1.07698604646575
Simulated_7095,0.800454163175781
Simulated_4809,1.12925373232415
Simulated_7061,0.977163674563398
Simulated_7091,1.59533963202461
Simulated_6969,0.646480466529627
Simulated_2427,0.890431560226153
Simulated_4822,0.913765018349396
Simulated_7097,0.524775933502006
Simulated_7087,0.640315711549534
Simulated_4813,0.942628205862459
Simulated_7088,0.815149898145171
Simulated_2280,0.869466563931156
Simulated_7118,0.755661169579387
Simulated_6781,0.536067097246846
Simulated_7112,0.680395615595736
Simulated_7113,0.736060843928491
Simulated_7105,0.837210340451396
Simulated_4814,1.00104882077748
Simulated_6776,0.61114637647256
Simulated_7016,0.971473267480912
Simulated_4984,0.852778353756697
Simulated_4812,0.816883481790248
Simulated_2452,0.678356785603607
Simulated_4827,1.10438838336636
Simulated_4820,0.82705507630533
Simulated_6824,0.868470628254315
Simulated_6783,0.781137360354843
Simulated_7229,0.573315778521905
Simulated_6828,1.04711712440245
Simulated_6767,0.733091097998192
Simulated_4836,0.986206576028118
Simulated_1900,0.701103866071622
Simulated_4683,0.39710807454383
Simulated_4684,0.592902864587994
Simulated_1253,0.594128900556987
Simulated_4670,0.643015046525467
Simulated_4659,0.647192506164765
Simulated_4736,0.773149923231285
Simulated_4657,0.458594537770582
Simulated_4688,0.960518723825425
Simulated_4674,0.487769696799545
Simulated_5229,0.63101816235706
Simulated_5225,0.56695461684777
Simulated_4648,0.942830401128749
Simulated_5182,0.520365186667714
Simulated_7036,1.13586461649224
Simulated_5192,1.19619658220406
Simulated_5177,1.18505166682857
Simulated_5179,0.579678062933792
Simulated_7079,1.16100252378306
Simulated_2436,0.581291978007311
Simulated_5186,0.712266753287574
Simulated_2457,0.757209456199439
Simulated_4806,0.647619824648817
Simulated_4797,0.99096158870873
Simulated_6997,0.93219618543463
Simulated_4800,0.547654303046013
Simulated_7001,0.612369839156452
Simulated_4796,0.620638851804694
Simulated_6663,0.707722133311299
Simulated_4693,1.04776802516081
Simulated_4782,0.870025566847875
Simulated_6994,0.527397327808818
Simulated_4805,0.597280119525939
Simulated_236,0.681172136747362
Simulated_4707,1.18904121403828
Simulated_4777,0.950390854727537
Simulated_4780,0.428005803611718
Simulated_4794,0.596551310589578
Simulated_59,1.23348104613999
Simulated_4762,0.689169728143735
Simulated_4697,0.688347569655384
Simulated_7021,0.612213572462029
Simulated_6661,0.518303289424172
Simulated_4774,0.828120182022638
Simulated_7006,0.743781206976058
Simulated_4801,0.650929085891306
Simulated_4694,1.02089583450113
Simulated_4775,0.674785901715705
Simulated_4698,0.982610377682279
Simulated_4793,0.434676024424498
Simulated_6665,0.723638788751431
Simulated_2475,0.900930549458693
Simulated_7042,0.81187782730303
Simulated_7031,1.00576831752079
Simulated_7041,1.03751092255593
Simulated_5098,0.679084565505295
Simulated_5100,0.802541965138361
Simulated_6835,0.873779926513894
Simulated_7045,0.548448995051882
Simulated_435,1.1646077396975
Simulated_6646,0.6164704992915
Simulated_6640,0.764261382951544
Simulated_6656,1.22389092106072
Simulated_5018,0.967866130367771
Simulated_6647,0.827072665281808
Simulated_147,0.823524943847811
Simulated_417,0.705656792077275
Simulated_418,0.925708735809079
Simulated_2691,0.545858749538259
Simulated_321,0.657893780706544
Simulated_4619,0.995526492794209
Simulated_6657,0.685301034691056
Simulated_4614,0.694706639822291
Simulated_411,0.760126843957213
Simulated_6616,0.516715381294309
Simulated_5041,0.935785413650913
Simulated_4626,0.756355394045824
Simulated_5038,0.786045293502463
Simulated_6618,1.06600267546052
Simulated_148,0.84317171125653
Simulated_142,0.869460205198637
Simulated_128,0.88936172003229
Simulated_124,0.923004770605479
Simulated_115,1.16511991054474
Simulated_5025,0.495291814727159
Simulated_6613,0.61814073059928
Simulated_423,0.669805848095465
Simulated_415,0.871835563904551
Simulated_6655,0.915814892877459
Simulated_416,0.905570601909376
Simulated_5030,1.03068921771085
Simulated_6645,0.539122483482134
Simulated_210,0.624959513775648
Simulated_4611,0.560594279675022
Simulated_2191,0.588130161494827
Simulated_4627,0.7651709433492
Simulated_154,0.690299547562592
Simulated_442,0.467659776220337
Simulated_127,0.558367999637482
Simulated_6617,1.12860294303602
Simulated_4623,0.642092055859424
Simulated_2354,0.599479776689841
Simulated_5033,0.792114074577489
Simulated_4625,0.791656239748502
Simulated_160,0.724090440654833
Simulated_383,0.468003889390013
Simulated_6786,0.90275763769059
Simulated_2414,0.749752863021606
Simulated_156,1.04525972274245
Simulated_385,0.766748217537692
Simulated_161,1.25948445306695
Simulated_398,0.845991226862681
Simulated_377,0.943898116637093
Simulated_157,0.764110767664393
Simulated_404,1.10941929691266
Simulated_6784,0.61771579827845
Simulated_395,0.662415026299324
Simulated_6804,0.886967910850342
Simulated_6790,0.69665854940728
Simulated_5223,1.23339505471315
Simulated_5220,0.615147816477661
Simulated_5194,0.746349385142391
Simulated_5197,0.695901827760551
Simulated_7051,0.71856498629949
Simulated_5064,0.821054733573592
Simulated_7048,0.93468362302047
Simulated_225,0.507963694380693
Simulated_1903,0.880887258063686
Simulated_2402,0.961323653939251
Simulated_2346,1.16168913249439
Simulated_2337,0.729250072312585
Simulated_316,1.00892666201627
Simulated_2415,0.435715492616402
Simulated_2421,0.520128021121434
Simulated_2359,0.894832227138591
Simulated_320,0.530937244906136
Simulated_2352,0.782931997209833
Simulated_182,0.643661709862903
Simulated_2356,0.91525395284672
Simulated_2392,0.636194620831923
Simulated_2391,1.0378429247403
Simulated_2269,0.9706009862085
Simulated_2419,1.05764117315307
Simulated_2333,0.848159149756568
Simulated_2416,0.598884492376438
Simulated_318,0.618772440600416
Simulated_2409,0.999630716473125
Simulated_2055,0.752134143495219
Simulated_228,0.669359868276712
Simulated_2413,0.90526702249836
Simulated_2603,0.540598699122055
Simulated_2593,0.479166623608621
Simulated_3010,0.881132851821854
Simulated_3006,1.00519449245232
Simulated_3266,0.465857341361576
Simulated_2973,0.637745399897567
Simulated_3005,0.517818077724475
Simulated_1907,0.672354947729666
Simulated_2975,1.00878491260061
Simulated_2022,0.684389625493142
Simulated_3264,0.713659146202139
Simulated_2604,0.687078276312847
Simulated_2600,1.22335918947979
Simulated_2024,0.925773722421182
Simulated_3315,0.523708709264249
Simulated_3015,0.638698319554617
Simulated_1959,0.998558706615109
Simulated_2486,0.556975394629575
Simulated_1971,0.641946173575985
Simulated_2873,0.760448897710738
Simulated_2881,0.700138123609862
Simulated_2885,0.644153374830059
Simulated_2284,0.609906130229681
Simulated_3036,0.840378042184318
Simulated_1958,0.824841278157618
Simulated_3018,0.585124461829519
Simulated_93,0.938809888220006
Simulated_3311,1.2269706454809
Simulated_2482,0.689320631700955
Simulated_87,0.627642058424057
Simulated_3038,0.985555849370121
Simulated_2876,0.651242751757006
Simulated_1977,0.629666751352661
Simulated_1911,1.01836009437727
Simulated_1964,1.46759006611748
Simulated_1898,0.505468585726653
Simulated_2886,0.449227039894299
Simulated_3030,0.631493007733711
Simulated_1916,0.642949472232679
Simulated_1965,0.861322699620976
Simulated_1973,0.706300513429209
Simulated_3023,1.05717645091624
Simulated_2389,0.530849822657369
Simulated_2877,0.517201567033602
Simulated_89,0.588612676479556
Simulated_3029,1.0358757136424
Simulated_2266,0.723133706821301
Simulated_2937,1.00923858881431
Simulated_2932,1.01867213386816
Simulated_3037,0.547260756808601
Simulated_3314,0.529785287128461
Simulated_168,0.864380017766772
Simulated_2279,0.957883351756714
Simulated_190,0.441965988307676
Simulated_257,0.573704766980089
Simulated_199,0.737784837005797
Simulated_170,0.661193580163934
Simulated_252,0.554609557028804
Simulated_188,0.529612610219339
Simulated_2265,0.867810800898354
Simulated_2376,0.818852146843431
Simulated_167,0.684710734478805
Simulated_2364,0.570878499760069
Simulated_251,0.638517098810899
Simulated_2372,0.616688017719868
Simulated_201,0.586185398707753
Simulated_238,0.506156609523399
Simulated_2379,0.8379233656754
Simulated_187,0.773619125208415
Simulated_2375,0.62881239896171
Simulated_2367,0.403363517250512
Simulated_243,0.653764707324907
Simulated_189,0.937623741258878
Simulated_258,0.512710713390254
Simulated_202,0.682190486149059
Simulated_173,0.552514453573708
Simulated_169,1.12176597920639
Simulated_3263,0.877103796110866
Simulated_2992,0.772223049670127
Simulated_346,0.741128069029933
Simulated_3368,0.615526705437472
Simulated_2995,0.536260698618678
Simulated_2981,1.0519817946637
Simulated_2970,0.771871498040043
Simulated_2965,0.775881744230714
Simulated_3326,0.60416910508967
Simulated_3322,0.599527965654898
Simulated_2963,1.05192798357407
Simulated_2823,0.711915821696899
Simulated_3321,0.681327452217582
Simulated_2964,0.713326198733022
Simulated_3382,0.594079545347098
Simulated_2263,0.860995927468638
Simulated_2997,0.59400842164633
Simulated_2987,0.878833446061959
Simulated_2988,0.625812144116982
Simulated_2911,1.11947785439875
Simulated_2258,0.897386570160799
Simulated_3329,1.09392685704583
Simulated_2971,0.730790077058989
Simulated_2961,0.597522337406496
Simulated_3384,0.644826140523258
Simulated_3079,1.08052117639098
Simulated_3246,0.776811523921909
Simulated_3209,0.940534512430468
Simulated_2803,0.891258597418651
Simulated_3220,1.59290916683553
Simulated_3207,0.688744075501531
Simulated_2799,0.66920102871952
Simulated_2781,0.983731409862739
Simulated_3218,1.29859076287552
Simulated_2782,0.554738281813863
Simulated_3214,0.764255356735279
Simulated_2795,0.624152871573158
Simulated_2791,0.687054609888909
Simulated_2804,0.891138228804798
Simulated_2789,0.847294712315828
Simulated_2241,0.807136100695027
Simulated_2291,1.08075435552722
Simulated_2230,0.948891826348185
Simulated_2537,0.574917870060677
Simulated_2231,1.02541755033843
Simulated_2240,0.600859677247473
Simulated_2244,0.466359499488567
Simulated_2235,0.833818160909375
Simulated_2249,0.861931299555116
Simulated_2252,0.869861197586396
Simulated_2298,0.778580044300297
Simulated_2292,0.802757170594053
Simulated_2255,0.56418792658337
Simulated_2242,0.422907167382679
Simulated_2253,0.570881938160085
Simulated_2297,0.724605597687635
Simulated_5809,0.883510260231024
Simulated_2228,0.803267267441743
Simulated_2496,1.11159541890226
Simulated_286,0.867423142728114
Simulated_266,0.817365695632975
Simulated_270,0.520801667987878
Simulated_273,1.05977621509567
Simulated_277,0.852613749617156
Simulated_29,0.68346762364068
Simulated_265,0.787347459646426
Simulated_278,0.509908418194436
Simulated_369,1.20801488935453
Simulated_2111,0.978636450106705
Simulated_3288,0.96904950509037
Simulated_2125,0.677241834009594
Simulated_2130,0.654882579727229
Simulated_2122,1.06806398848382
Simulated_2139,0.60417269803727
Simulated_2147,1.35830486376202
Simulated_2110,0.723553286090532
Simulated_2117,0.938118202839877
Simulated_2190,1.19976073291998
Simulated_2112,0.97331328049414
Simulated_2138,1.0327140967489
Simulated_19,0.561674187813415
Simulated_14,1.01878856248791
Simulated_31,0.655523885462015
Simulated_2017,0.599996112077362
Simulated_2035,1.36211922241465
Simulated_2834,1.23962448305478
Simulated_1950,0.661347632131812
Simulated_2109,0.721388952667497
Simulated_347,1.10016114247798
Simulated_848,0.604972976730753
Simulated_812,0.696947035325032
Simulated_809,0.796377757926703
Simulated_804,1.01912734221646
Simulated_834,0.781978296681488
Simulated_841,0.6929129715296
Simulated_6044,0.745189844972391
Simulated_798,1.23370103774534
Simulated_836,0.849755657115826
Simulated_636,0.768018095556174
Simulated_828,0.74786516890886
Simulated_644,1.15312177090991
Simulated_820,0.795260436085205
Simulated_791,1.22187630361381
Simulated_634,0.754819739730315
Simulated_821,0.611567330395546
Simulated_796,0.657241276243418
Simulated_780,0.781805965644425
Simulated_829,0.612192570132097
Simulated_802,1.19815347020848
Simulated_826,0.665133858814455
Simulated_813,0.952878827408576
Simulated_830,0.714806543763354
Simulated_851,0.701044921984041
Simulated_801,0.720598888854374
Simulated_768,0.708370546993656
Simulated_625,1.13525297622305
Simulated_777,0.771159803928902
Simulated_36,0.646233122676818
Simulated_778,0.72034255651821
Simulated_2049,0.556887226369461
Simulated_621,0.790265176868394
Simulated_772,0.70810303765807
Simulated_2039,0.977181257927229
Simulated_2154,0.670104848472136
Simulated_6082,1.11131213722893
Simulated_5984,0.84924578608564
Simulated_6109,1.08697608783805
Simulated_6291,0.555015158778719
Simulated_2495,0.799768213226875
Simulated_6121,1.01816339796649
Simulated_6124,0.659980611594201
Simulated_6113,0.704405328353794
Simulated_6297,0.582690420788636
Simulated_3065,1.15878477739665
Simulated_2671,0.707338799912099
Simulated_610,0.530562050189314
Simulated_5963,0.670529807663259
Simulated_3656,1.03832690895483
Simulated_6068,0.497726066850134
Simulated_2549,0.519879285084142
Simulated_3683,0.575020766555482
Simulated_4360,0.715805863157871
Simulated_5946,0.534968791028753
Simulated_4402,0.613430947308911
Simulated_4,0.865259532952583
Simulated_6073,0.852716956707798
Simulated_5901,0.843913805102936
Simulated_3691,0.571885620143941
Simulated_5935,1.12304764322273
Simulated_614,0.818969079702777
Simulated_2097,0.69196318319434
Simulated_6348,0.470094411229154
Simulated_566,1.13305872364222
Simulated_6049,0.731200677590415
Simulated_5968,0.714050148081778
Simulated_4391,0.761717400037538
Simulated_4394,0.432326857106502
Simulated_4417,1.04153869983876
Simulated_6059,0.814700418463557
Simulated_6275,1.17375131227498
Simulated_6255,0.719958390526393
Simulated_5988,0.826071214634023
Simulated_3674,1.00990416395521
Simulated_3668,0.586616857122091
Simulated_6072,0.55741027582415
Simulated_5932,0.975466630533414
Simulated_6397,0.855624891902927
Simulated_575,0.974467924290017
Simulated_6034,0.676735768642032
Simulated_4389,0.496645687887995
Simulated_5942,1.00978294585067
Simulated_3690,0.346302383045038
Simulated_591,0.562916585631966
Simulated_606,0.943427841699768
Simulated_4420,0.550571875358057
Simulated_4386,0.57172177076061
Simulated_5931,0.5323389189675
Simulated_551,0.728624629825587
Simulated_597,0.499004400482546
Simulated_609,0.934297537579037
Simulated_6262,1.09440271661086
Simulated_6347,1.38078452204492
Simulated_1945,0.67179107349632
Simulated_5940,0.755454471346706
Simulated_540,0.581407171727562
Simulated_4356,0.906464191108225
Simulated_4423,0.44753179664722
Simulated_5917,0.833468573419757
Simulated_548,1.37241021520844
Simulated_5952,0.569136178359438
Simulated_6335,0.65111736132676
Simulated_2178,0.770472785095414
Simulated_6341,0.801735101347454
Simulated_5892,0.515723354563312
Simulated_4385,0.498984875557038
Simulated_4367,0.931726585664507
Simulated_4411,0.476261324558872
Simulated_5891,0.668043538110695
Simulated_6037,0.688347855193302
Simulated_5927,1.15416295134382
Simulated_3693,0.631458435911677
Simulated_6261,0.52315142467271
Simulated_688,0.695708694004635
Simulated_5951,1.20948301121625
Simulated_6282,0.53401665479511
Simulated_6345,0.67657518076354
Simulated_6372,0.736023728662156
Simulated_2047,0.713009257684784
Simulated_687,0.703145082764411
Simulated_6338,0.562127818390847
Simulated_5916,1.05784130325718
Simulated_689,0.697762271961211
Simulated_5936,0.691696681280044
Simulated_3269,0.657112674996722
Simulated_541,0.475983400281418
Simulated_5911,0.615002805274828
Simulated_6354,0.767742925137765
Simulated_6336,0.85067193056524
Simulated_5965,0.619939376063686
Simulated_5796,1.046092018892
Simulated_5889,0.765119939185746
Simulated_543,0.943364531209717
Simulated_5881,1.23516775411116
Simulated_604,0.82213140409739
Simulated_3667,0.678631340578166
Simulated_569,0.849873781064697
Simulated_5993,0.84944206843326
Simulated_6274,0.43813966000019
Simulated_5925,0.745276524983799
Simulated_3290,0.625560316688074
Simulated_547,0.686911780422861
Simulated_3689,1.31413051675314
Simulated_4369,0.725894051085423
Simulated_4413,0.895361311639806
Simulated_4400,0.640075074456791
Simulated_4363,0.572252073786263
Simulated_3659,0.976798380387884
Simulated_598,0.611895111610083
Simulated_2167,0.961553321338559
Simulated_6358,0.75238033706347
Simulated_2611,0.735727046964231
Simulated_558,0.549988201163196
Simulated_592,0.66670053562323
Simulated_24,0.819937651513277
Simulated_5895,0.822643575503493
Simulated_6039,0.610993659216152
Simulated_4387,0.867398373808916
Simulated_3075,0.741406856384923
Simulated_6353,0.569020555893457
Simulated_611,1.05986693995924
Simulated_5943,0.645391256949566
Simulated_6043,0.782663522235636
Simulated_564,0.802573923943136
Simulated_4416,0.495757454656222
Simulated_3663,0.575860282483541
Simulated_4359,0.51616330670318
Simulated_6237,0.787009254945859
Simulated_6000,1.2892448123064
Simulated_6232,0.793214348356509
Simulated_6227,1.24173337030462
Simulated_6090,0.704721052606689
Simulated_6376,0.577198690649375
Simulated_6375,0.599690840584144
Simulated_6374,0.539494079099317
Simulated_639,0.895147478836466
Simulated_3702,0.876377128964784
Simulated_3708,0.570266146267503
Simulated_4321,0.545249690946078
Simulated_4346,0.623701401327667
Simulated_3698,1.05184049322454
Simulated_4343,0.748871791434418
Simulated_6031,0.896215852043466
Simulated_4348,0.775027274768307
Simulated_6054,1.23919405176158
Simulated_4339,0.871829253915277
Simulated_4352,0.727938975701676
Simulated_6046,0.944019121784928
Simulated_4349,0.859912605900914
Simulated_4338,0.732714339230121
Simulated_749,0.892088630408075
Simulated_751,1.16701680855809
Simulated_747,0.744450958063077
Simulated_2471,0.828332263918571
Simulated_755,0.779520967058403
Simulated_3224,0.680358959335342
Simulated_753,0.659603382240768
Simulated_750,0.685295349840535
Simulated_3293,1.06262512714486
Simulated_6323,0.912541492177556
Simulated_6321,0.904678802886813
Simulated_6325,0.727341934905766
Simulated_474,0.785346706764523
Simulated_6319,0.587764660683196
Simulated_6314,0.74955577671326
Simulated_6329,0.614997169468557
Simulated_473,1.25311952742947
Simulated_6330,0.793016230090199
Simulated_6318,0.539096074753788
Simulated_6383,0.698105976704766
Simulated_352,1.08921556179268
Simulated_6384,0.541622726306096
Simulated_6378,1.23152024521717
Simulated_6385,0.70941148169408
Simulated_6018,0.940538862685414
Simulated_6006,0.879149010558653
Simulated_3712,0.7848709912749
Simulated_6141,0.569989426188756
Simulated_6136,0.526746958229087
Simulated_6132,0.598476880264764
Simulated_3711,0.728805979001138
Simulated_6138,0.77360545335119
Simulated_6137,0.956419969653906
Simulated_6310,0.534818770975121
Simulated_6309,0.643809424015047
Simulated_6304,0.861025614174971
Simulated_6306,0.560987731426902
Simulated_683,0.711153376588494
Simulated_737,0.694795444899086
Simulated_3664,0.754039928378644
Simulated_731,0.568818978707892
Simulated_698,0.667927461271802
Simulated_672,0.611409137885348
Simulated_712,0.774070803359543
Simulated_703,0.650670122797197
Simulated_667,0.669761791243747
Simulated_2060,1.05991631588212
Simulated_678,0.777789988697083
Simulated_710,0.555354650835951
Simulated_691,0.739880463911148
Simulated_695,1.12442217332073
Simulated_722,0.60182928950133
Simulated_729,0.755572383327257
Simulated_586,0.850248637269599
Simulated_735,1.19508375876281
Simulated_2050,0.583165372358643
Simulated_720,0.963262307346642
Simulated_717,0.62670496470992
Simulated_685,0.716155319504396
Simulated_680,0.732808047785074
Simulated_704,0.482995721839401
Simulated_6052,0.667302780578187
Simulated_721,0.971955057639311
Simulated_538,0.72213410649182
Simulated_4379,0.78767069546819
Simulated_664,1.03563733355606
Simulated_657,0.879105699705737
Simulated_583,0.672506083199554
Simulated_845,0.973897694663493
Simulated_663,0.949511215900935
Simulated_660,0.645120822671126
Simulated_666,0.456071523007617
Simulated_659,0.850628711344499
Simulated_4287,0.587218726376424
Simulated_3081,0.807623383738413
Simulated_6387,0.53358990282074
Simulated_4277,0.806110750540458
Simulated_5973,1.29792986432489
Simulated_5972,1.02832049069304
Simulated_5979,0.632346177233312
Simulated_6083,0.693914658608306
Simulated_1947,0.850437503592742
Simulated_4306,0.874572821963045
Simulated_6154,1.20287169743196
Simulated_3720,0.576843523005545
Simulated_528,0.884833866747941
Simulated_492,1.11504934588777
Simulated_454,0.731075869135264
Simulated_6164,0.430924489416728
Simulated_525,0.931760125891505
Simulated_3717,0.669227360289044
Simulated_489,0.526457069249289
Simulated_6172,0.914994805824251
Simulated_6151,0.57414850335862
Simulated_514,0.918512360694854
Simulated_530,0.665581491108825
Simulated_451,0.726112784062367
Simulated_3722,0.70076550562907
Simulated_6153,0.922490379011228
Simulated_481,0.563398543237503
Simulated_2624,0.92931647332647
Simulated_527,0.790121645461135
Simulated_6156,0.566980316317825
Simulated_453,0.921109583665799
Simulated_488,0.951934515375953
Simulated_460,1.02108701070233
Simulated_533,1.08180286967334
Simulated_506,0.728859122096165
Simulated_336,0.62975134207121
Simulated_2632,0.821683380871072
Simulated_6143,0.906056525892259
Simulated_513,0.903999573722625
Simulated_6166,0.74958570800209
Simulated_6207,1.121046567556
Simulated_6210,0.961572686099403
Simulated_6208,0.611842795741298
Simulated_4305,0.550827904041861
Simulated_6056,0.60362336357015
Simulated_4296,1.08430963218334
Simulated_4295,1.19728215712921
Simulated_4299,0.555246011972963
Simulated_4304,1.03456679928472
Simulated_2071,0.981048247777116
Simulated_5994,0.530556816894119
Simulated_6226,0.718604182739936
Simulated_6011,0.896910069074136
Simulated_6101,0.979666681523639
Simulated_6128,0.491283127119468
Simulated_43,0.546624510602294
Simulated_3576,0.989686501510988
Simulated_3575,0.704361091454082
Simulated_1879,0.910202635068656
Simulated_4162,0.645104235568117
Simulated_4160,0.733609051740755
Simulated_3990,0.776163450399615
Simulated_4138,0.805365304541862
Simulated_4152,0.788249235121914
Simulated_3980,0.765812100250055
Simulated_3983,0.554816296651156
Simulated_1940,0.601522891741777
Simulated_4001,1.41176060274102
Simulated_2149,1.47316366740156
Simulated_3607,0.673646260961597
Simulated_2614,0.676344103599683
Simulated_1211,0.460904597517897
Simulated_1891,0.641254432047365
Simulated_3617,1.07291426678682
Simulated_3605,0.882940290130226
Simulated_1215,0.554531832953693
Simulated_1221,0.48698038191659
Simulated_1835,0.596945009563344
Simulated_1210,0.494751060493657
Simulated_1141,0.675634640073019
Simulated_280,0.681069290106987
Simulated_1885,1.04958017101257
Simulated_3610,0.882169334350545
Simulated_3600,0.515316697343602
Simulated_1202,0.739056492625875
Simulated_1887,0.608785064063367
Simulated_1213,0.620573142633286
Simulated_3553,0.604669932169435
Simulated_1189,0.876265894854965
Simulated_1204,0.882883685474953
Simulated_1191,1.09110282815658
Simulated_1138,0.606908205799687
Simulated_1874,0.861483785618057
Simulated_1872,0.630266614305843
Simulated_1208,0.625952432911983
Simulated_1853,0.905254483919416
Simulated_1861,0.617221221767898
Simulated_4968,0.629976391665952
Simulated_1862,0.699944709380927
Simulated_1870,0.541995618743005
Simulated_1868,1.00521422608077
Simulated_1859,0.790012075254162
Simulated_1855,1.17351290886653
Simulated_1857,0.881448859144686
Simulated_3947,0.860305930581498
Simulated_3996,0.836167831679501
Simulated_2188,0.81775148402514
Simulated_4142,0.588522525267305
Simulated_3808,0.734359289040964
Simulated_1071,0.501836120881289
Simulated_1080,1.01902846462229
Simulated_2505,1.00203600575921
Simulated_3770,1.02572547457387
Simulated_3908,0.713558363833822
Simulated_1175,0.698850897937843
Simulated_4191,0.838297318325547
Simulated_3803,0.722242987283788
Simulated_2556,0.609909929311707
Simulated_1170,0.525866606600582
Simulated_1000,0.775681008616239
Simulated_1087,0.662428713127445
Simulated_2506,0.517677665955046
Simulated_4072,0.458669963561276
Simulated_4055,1.03985379353857
Simulated_4063,0.503568982814751
Simulated_4241,0.773710434805481
Simulated_4077,0.742148753317683
Simulated_4259,0.762882122248025
Simulated_4097,0.904108553711715
Simulated_2678,0.588646366394315
Simulated_1070,0.608918373489666
Simulated_4030,0.613534143836563
Simulated_3743,0.50068426303948
Simulated_3844,0.535003521136823
Simulated_4221,0.916747045553781
Simulated_3891,0.601476001713826
Simulated_3901,0.987737822870184
Simulated_4134,1.05845270219426
Simulated_1112,0.693133185517943
Simulated_1053,0.739052124141451
Simulated_4061,0.864356158618294
Simulated_1050,0.561954311124586
Simulated_3820,0.636553067910724
Simulated_3260,1.12605131598248
Simulated_3888,0.991539948227079
Simulated_2761,0.456424487801413
Simulated_4070,0.909602559395069
Simulated_978,0.674157259797387
Simulated_4262,0.660836512013037
Simulated_4023,0.735631948078127
Simulated_3813,0.44323024858532
Simulated_4095,0.565995591802817
Simulated_3747,1.27102948579004
Simulated_4044,0.92281933652261
Simulated_3782,0.916550091571935
Simulated_996,0.907218101050323
Simulated_2670,0.660539740237054
Simulated_4203,0.747831202142844
Simulated_1169,1.18057042531317
Simulated_983,0.55349321897178
Simulated_2653,0.756834215159575
Simulated_4027,0.624451863363799
Simulated_1069,0.787353909249156
Simulated_2161,0.761046209194254
Simulated_4024,0.557664870870774
Simulated_3960,0.895701707419282
Simulated_4020,1.06688343070037
Simulated_3953,0.738681429189856
Simulated_3841,0.559715075633082
Simulated_3585,0.491195605097984
Simulated_4264,0.781826366807551
Simulated_3883,0.665975115109697
Simulated_3845,0.74805760952133
Simulated_1085,0.643237071711217
Simulated_1156,0.842136825396582
Simulated_3864,0.620519336064032
Simulated_3926,0.859864498924552
Simulated_3889,0.895179481562201
Simulated_1052,0.739538833613042
Simulated_3911,0.658090107300319
Simulated_1232,0.850423057310175
Simulated_4169,0.51930184734354
Simulated_1883,1.10361293812476
Simulated_997,0.461194490052836
Simulated_1028,0.821582209304495
Simulated_1850,0.715650820280996
Simulated_4256,0.829077233491134
Simulated_4175,0.860747407106523
Simulated_3921,0.941357766766132
Simulated_4007,0.559432130129334
Simulated_3925,0.524618390897359
Simulated_2553,0.698214170157882
Simulated_4274,1.07422663765753
Simulated_1061,0.806934623643918
Simulated_4091,0.770701574555388
Simulated_3851,0.408406812052071
Simulated_4045,0.46602407768464
Simulated_3758,0.668413234245414
Simulated_1008,0.50234482738298
Simulated_4016,0.915871090060298
Simulated_3941,0.57164403415775
Simulated_358,0.540803361599975
Simulated_4190,0.576807862499203
Simulated_4237,0.699960954955795
Simulated_4058,1.01688155008151
Simulated_3754,0.768189347091222
Simulated_3956,0.794766613209513
Simulated_1149,0.433249461469573
Simulated_1013,0.501195824621216
Simulated_1834,0.595080613241254
Simulated_4189,0.584104965437164
Simulated_3755,0.630151135307001
Simulated_3582,0.808204326383105
Simulated_1228,0.636687936995258
Simulated_4220,0.863306440426867
Simulated_4251,0.60200340106402
Simulated_2666,0.624049549314802
Simulated_3837,0.733542026453633
Simulated_3835,0.545917820064278
Simulated_1026,0.760615664318892
Simulated_3819,0.74115534572585
Simulated_3898,0.738195553161846
Simulated_4036,0.889086537602684
Simulated_3922,1.26942186803441
Simulated_3588,0.97078343510698
Simulated_3886,0.849419184220685
Simulated_1178,0.416467752559537
Simulated_1185,0.984004630267343
Simulated_3846,0.765178048910858
Simulated_4255,0.650630271901102
Simulated_1131,0.837659451753191
Simulated_2493,0.61854811820345
Simulated_4060,0.741816059386769
Simulated_1147,1.03226409534333
Simulated_976,0.785007002030403
Simulated_1127,0.986290655038053
Simulated_1117,0.7035576078442
Simulated_1006,0.538084253928501
Simulated_3826,0.755050426885362
Simulated_4185,1.29950895765358
Simulated_3839,0.390117318124666
Simulated_3897,0.574507736189866
Simulated_3923,0.79652104903431
Simulated_2469,0.938018398819526
Simulated_3913,0.830709882235348
Simulated_4128,0.507188471252702
Simulated_4053,0.712117447292273
Simulated_4101,1.08369082902471
Simulated_3859,0.59158728761985
Simulated_3760,1.08661900129829
Simulated_1231,1.29133756849058
Simulated_3781,0.798995923281816
Simulated_3951,1.17419486186688
Simulated_4107,0.871954533124784
Simulated_4104,1.20254763487868
Simulated_3875,0.735755008341581
Simulated_1151,0.657641618066434
Simulated_3055,0.847188432192692
Simulated_4261,0.644459058046294
Simulated_1153,0.920589848498283
Simulated_1010,0.65869177640032
Simulated_3871,1.05253457257345
Simulated_3286,0.57977103741964
Simulated_1182,0.750241560838249
Simulated_3832,0.745510825267902
Simulated_4028,0.675030379675071
Simulated_232,0.610050744681457
Simulated_1179,0.562905704451625
Simulated_3592,0.444114778508939
Simulated_1172,1.00458297766059
Simulated_3786,0.547898282439512
Simulated_990,0.595004635097644
Simulated_1158,0.598503060142154
Simulated_3067,0.479179388223171
Simulated_3774,0.704723389088421
Simulated_4130,0.767605664597862
Simulated_1041,0.654362623859423
Simulated_3244,0.797236137514322
Simulated_1096,0.657468261687573
Simulated_4182,0.600112866351933
Simulated_1064,1.09848644961873
Simulated_3560,1.15354721310471
Simulated_4103,0.438815373276709
Simulated_3999,0.564850371507366
Simulated_3994,0.669789281731621
Simulated_1839,0.583702886571496
Simulated_1890,0.618812328034813
Simulated_3563,0.632837267403587
Simulated_1842,1.09903612771524
Simulated_1837,0.906568547639033
Simulated_1838,0.535511475061242
Simulated_4938,0.59304279624274
Simulated_4924,0.520366766424387
Simulated_3253,0.505613727914747
Simulated_4890,0.907605325211903
Simulated_5233,0.582040269532177
Simulated_5651,0.784578216322571
Simulated_5877,0.529269538965749
Simulated_5695,0.5334441639048
Simulated_4466,0.976233432342461
Simulated_3161,1.1328215899738
Simulated_2754,0.546203050391538
Simulated_4918,0.802001800972499
Simulated_4963,1.24489511696323
Simulated_4531,0.648258760236712
Simulated_4524,0.627543386994182
Simulated_5281,0.573430992322104
Simulated_6456,0.995797754924191
Simulated_4513,0.990926024284975
Simulated_2766,0.672355631109174
Simulated_5565,0.612095906764586
Simulated_4959,0.702373273023709
Simulated_3275,0.966894106611557
Simulated_5254,0.662961017581907
Simulated_5745,0.607492049236715
Simulated_2307,0.496543471211401
Simulated_3077,0.697049525712175
Simulated_5559,0.706679207771465
Simulated_5274,0.76209997596442
Simulated_4868,1.09866758246799
Simulated_5666,0.774805505094731
Simulated_4474,0.551446028492504
Simulated_5727,0.508050246210325
Simulated_3052,0.964369461161858
Simulated_3126,1.12596546049699
Simulated_6475,1.0201661193987
Simulated_5700,1.60849469433098
Simulated_2718,0.866188124466195
Simulated_5235,1.0356500563976
Simulated_5874,0.604846672758306
Simulated_3144,0.668234584459807
Simulated_3102,0.907980266013165
Simulated_2704,0.986747856005145
Simulated_5237,0.897226050970125
Simulated_2177,1.09895292775561
Simulated_5869,0.810758736993832
Simulated_2769,0.896448623323264
Simulated_2589,0.69784135898965
Simulated_3199,0.989801092566753
Simulated_5401,0.735016064727843
Simulated_5637,0.917450481521664
Simulated_5299,0.602310179951216
Simulated_5738,0.558034290914618
Simulated_5693,0.866767538947874
Simulated_3050,0.696988424359631
Simulated_5272,0.542034363814776
Simulated_3113,1.3843266425895
Simulated_2679,0.64965984614133
Simulated_2852,1.01904830703037
Simulated_6421,0.665955105033071
Simulated_5714,1.04167624815363
Simulated_6464,0.700903954011008
Simulated_3047,1.15398047024578
Simulated_6422,0.696539660301584
Simulated_6444,0.761061852751956
Simulated_5278,0.940229531290246
Simulated_1948,0.734880134401066
Simulated_4496,0.993702714820843
Simulated_5702,0.682368830749785
Simulated_4537,0.652595725484046
Simulated_5287,0.990794434337747
Simulated_2856,1.26111550101819
Simulated_4522,0.556089046771394
Simulated_3093,1.33231264867762
Simulated_4950,1.03038011078586
Simulated_5668,0.793156131527857
Simulated_5871,1.26526342593299
Simulated_4438,1.11698045517905
Simulated_2705,0.575632909507783
Simulated_3089,0.441472224002547
Simulated_5648,0.719371527477959
Simulated_3196,0.58862854030046
Simulated_2696,1.07044301595287
Simulated_4514,0.513875495458094
Simulated_3086,1.15370312890791
Simulated_5241,1.02597623350666
Simulated_3232,0.86172728175971
Simulated_5525,0.828974775599314
Simulated_3200,0.62331009555079
Simulated_5732,0.872946360583611
Simulated_3270,0.722290869458448
Simulated_4962,0.756812295559997
Simulated_3082,0.665479062951034
Simulated_2662,0.534951603597398
Simulated_2306,0.49317370545714
Simulated_4921,1.29586139702575
Simulated_2714,0.646537779211516
Simulated_2687,0.544170529590889
Simulated_5527,0.701089755993204
Simulated_4434,0.803476570376536
Simulated_5691,0.764893879739068
Simulated_3254,0.683244815343231
Simulated_6445,0.808431370140213
Simulated_5685,0.669591635249836
Simulated_5298,0.559608360591519
Simulated_4877,0.980048889305792
Simulated_2532,0.858800791552888
Simulated_5740,0.856439109510026
Simulated_4881,0.680975981794145
Simulated_5531,0.676981833983067
Simulated_2572,0.993062406305163
Simulated_2742,0.687906072377827
Simulated_3125,1.11425959309692
Simulated_3066,0.830935654518832
Simulated_2694,0.589260119101925
Simulated_2688,0.954554019599737
Simulated_3305,1.13009579193553
Simulated_2582,0.786540644599999
Simulated_6418,0.935823110338545
Simulated_6480,0.674654766094005
Simulated_6446,0.450875326690162
Simulated_2722,0.539498578492421
Simulated_3107,0.657254964028739
Simulated_3127,0.519675977469688
Simulated_2699,0.644382383766562
Simulated_6455,1.00117927603853
Simulated_3174,0.697939595016055
Simulated_2309,0.724454276126711
Simulated_5264,0.512827158157927
Simulated_4473,0.422131730197639
Simulated_4857,0.957133450392462
Simulated_5646,0.583219314864627
Simulated_4436,0.961215539700362
Simulated_5731,0.669121199126729
Simulated_5719,0.871238843260033
Simulated_181,0.474210807892228
Simulated_5660,0.559700876373475
Simulated_4948,0.597401784359762
Simulated_5243,0.499141551919941
Simulated_4904,0.520140562238927
Simulated_5300,0.532940551805081
Simulated_4855,0.505054266329714
Simulated_6430,0.584228157828777
Simulated_4424,0.828065517404764
Simulated_5698,1.38572643271037
Simulated_5277,1.08432034687125
Simulated_2166,0.483062587566117
Simulated_3295,0.938749620071888
Simulated_2674,0.479284453838022
Simulated_3178,0.627325540324592
Simulated_2656,0.872451869130685
Simulated_5265,0.666221194394066
Simulated_5747,0.540981510919602
Simulated_5766,0.605903789666023
Simulated_5697,0.745796165100093
Simulated_5715,0.816939657271686
Simulated_4441,0.608755420409932
Simulated_5434,0.580160656994726
Simulated_6465,0.929527945298078
Simulated_4885,1.03060178705189
Simulated_5773,1.15030987989851
Simulated_3201,0.842311040092767
Simulated_5511,1.08959800541274
Simulated_6431,1.02551402458074
Simulated_4916,0.668933932080449
Simulated_5269,0.545714872563691
Simulated_2701,0.56094032501383
Simulated_6407,0.853019122594456
Simulated_3187,0.712621259794339
Simulated_5814,0.790683128301312
Simulated_3063,0.580122106830119
Simulated_6434,0.493873007708703
Simulated_5688,0.918580207545865
Simulated_6441,0.634478836811212
Simulated_5677,0.588587401743959
Simulated_4481,0.58276111787247
Simulated_3194,0.486545809056909
Simulated_5566,0.966996096318828
Simulated_5728,0.597170195819408
Simulated_5291,0.493743969830105
Simulated_2709,0.907027580118944
Simulated_5721,0.958302654807197
Simulated_2767,0.422891815036995
Simulated_5712,0.779964777115075
Simulated_2686,0.960453102769643
Simulated_3097,0.519411849273056
Simulated_3143,0.571860690844032
Simulated_3108,0.762544251777771
Simulated_3044,0.612392456351529
Simulated_4489,0.450709543442485
Simulated_6489,0.641590991274552
Simulated_3112,1.08257639247442
Simulated_4444,0.611754190911278
Simulated_3180,0.744103061709619
Simulated_40,0.6411844841358
Simulated_6491,0.508036106315163
Simulated_2857,0.504716327996055
Simulated_4464,0.733745198436474
Simulated_4499,0.56409425523784
Simulated_3268,0.856034275979389
Simulated_4883,0.412399708230758
Simulated_2719,1.06826579103226
Simulated_3120,0.596934581194053
Simulated_3274,0.681571284821634
Simulated_3121,0.856099037286031
Simulated_2748,1.20165676602014
Simulated_2845,0.551625776305159
Simulated_5247,0.475827241637107
Simulated_4540,0.552356483225299
Simulated_5675,0.563397470729629
Simulated_5776,0.509576347587292
Simulated_3188,0.779977656197158
Simulated_3135,0.646833482295649
Simulated_3280,0.97436119943433
Simulated_6448,0.953644263501195
Simulated_5263,0.723255036277723
Simulated_4929,0.658092857648632
Simulated_5641,0.601787930658516
Simulated_5644,0.775933435268491
Simulated_4517,0.665288784096955
Simulated_4429,0.537596301005204
Simulated_2172,0.870955299744682
Simulated_5424,0.533437463748991
Simulated_5726,0.60194642189795
Simulated_4456,0.785253090602433
Simulated_4933,0.597197223066047
Simulated_2336,0.865251772374574
Simulated_2076,0.729115653797359
Simulated_4934,0.825637066440343
Simulated_5673,0.775331375786043
Simulated_5284,1.37281383936013
Simulated_4928,0.660686217251275
Simulated_2088,0.615698135195651
Simulated_5248,0.757741766194114
Simulated_2692,1.18704175103597
Simulated_5643,0.96884186125597
Simulated_5232,0.761899379377509
Simulated_6484,0.670356799585913
Simulated_5669,0.600412243392292
Simulated_6454,0.729634492812355
Simulated_5537,0.590459425565492
Simulated_4882,0.764456120211121
Simulated_3168,0.654639331727111
Simulated_4446,0.616786667906335
Simulated_4905,0.670984059564508
Simulated_4477,0.610332196313586
Simulated_5686,0.86446681426609
Simulated_4844,0.619774117561506
Simulated_5234,0.651958606064446
Simulated_2169,0.951715055485468
Simulated_5739,0.515379830225275
Simulated_2729,1.17856275061896
Simulated_3165,0.776432757803187
Simulated_5717,0.665338920723047
Simulated_2747,0.484793034952078
Simulated_2841,0.467287283370411
Simulated_5403,0.477741434296206
Simulated_5402,0.76626873156809
Simulated_4927,0.730819763562847
Simulated_5425,0.82438223109141
Simulated_2702,0.70076099529876
Simulated_5358,0.646642933987393
Simulated_2578,1.02932482882765
Simulated_5315,0.415808873928976
Simulated_1932,0.499178632593906
Simulated_5302,0.415230711098252
Simulated_5387,0.909834198871017
Simulated_5598,0.632180696589527
Simulated_5501,0.787171610041556
Simulated_178,0.751689596906019
Simulated_5378,0.661160439548343
Simulated_5446,0.564625024086637
Simulated_5319,1.01416148163918
Simulated_5463,0.681080321654167
Simulated_2569,0.548473507528632
Simulated_5633,0.872894470135899
Simulated_5376,1.00864433183773
Simulated_5334,0.537377180966733
Simulated_2812,0.738262175015026
Simulated_5312,0.636907475137658
Simulated_2517,0.996517429958086
Simulated_5337,0.837827755675036
Simulated_5547,0.943297736883634
Simulated_5837,0.68239585729669
Simulated_5819,0.838279752013197
Simulated_2563,0.670818185135317
Simulated_372,0.6978743176235
Simulated_5506,0.844245497545889
Simulated_5849,0.57220071214304
Simulated_5838,1.18226782025496
Simulated_5351,0.772798926380332
Simulated_5604,0.581515044006686
Simulated_5594,0.837243041070705
Simulated_5854,0.485539447624572
Simulated_2575,1.08918608931977
Simulated_5595,0.736133754067731
Simulated_5389,0.592276939542264
Simulated_5613,0.728630439037594
Simulated_5390,0.398332772846828
Simulated_5619,0.735063352454593
Simulated_5305,0.740140430376827
Simulated_5825,1.14719092724197
Simulated_5491,0.481611857522665
Simulated_2040,0.81948780585018
Simulated_5365,0.674398190164046
Simulated_5372,1.30210120993017
Simulated_5369,1.10508854284106
Simulated_5474,1.16350946451691
Simulated_1985,0.563437578993679
Simulated_5592,0.506612205825843
Simulated_5827,0.607162652889536
Simulated_5861,0.672996356425913
Simulated_5621,0.834371006491732
Simulated_2644,1.37804057340075
Simulated_5554,1.00935544897511
Simulated_5360,0.839739351118512
Simulated_2580,0.546276354098906
Simulated_5508,0.478396304360153
Simulated_5460,0.537798482429587
Simulated_5504,0.960478329977039
Simulated_5357,0.64783748056289
Simulated_2746,1.35554853624916
Simulated_5839,0.603151674544913
Simulated_4171,0.653172174192256
Simulated_5842,1.05232268331386
Simulated_5452,0.407704431337552
Simulated_3303,0.516445427306879
Simulated_5317,0.665053783969137
Simulated_5382,0.95457222783604
Simulated_2764,0.625646361374058
Simulated_1989,0.594529817463992
Simulated_3068,0.674948877317686
Simulated_5480,0.555514972748918
Simulated_5451,0.78452482066383
Simulated_5817,1.26842020740804
Simulated_2570,1.05520559028717
Simulated_3230,1.12989214606118
Simulated_5852,0.66850351419238
Simulated_5500,0.629152695432107
Simulated_3175,0.72658733912995
Simulated_5828,0.91835723420894
Simulated_5615,0.663769344806598
Simulated_5578,0.873540506766064
Simulated_5549,0.494357418388341
Simulated_5385,0.978166132852218
Simulated_5426,0.57855476093696
Simulated_5340,0.860774056638174
Simulated_2528,0.494409626175071
Simulated_5457,1.07625850709319
Simulated_5321,0.704321165765785
Simulated_5313,0.763198627791627
Simulated_6205,0.475995043975066
Simulated_1483,1.11371579126321
Simulated_1496,0.794469513706233
Simulated_1497,0.591161295105742
Simulated_6190,0.861281826326196
Simulated_1942,0.573141009803681
Simulated_1487,0.656716577879938
Simulated_6174,0.809997841636995
Simulated_1250,0.745796867549562
Simulated_1248,0.726970083904525
Simulated_3390,0.713492672173688
Simulated_3488,0.434289974969275
Simulated_3479,0.81364866008991
Simulated_3478,0.718325376039995
Simulated_3494,0.741989799282525
Simulated_3490,0.670531236103016
Simulated_3489,0.879965977489809
Simulated_1264,0.535071479070279
Simulated_1265,0.637440888182265
Simulated_1822,0.616305746477303
Simulated_3294,0.626638727952156
Simulated_3261,0.90633284322826
Simulated_3451,0.941976677223437
Simulated_1361,1.2734883937354
Simulated_3649,0.966456108474049
Simulated_3443,0.97526304011246
Simulated_2527,0.670494179675275
Simulated_3456,0.518589026342159
Simulated_2555,0.842619256529535
Simulated_3437,0.805900886844126
Simulated_3637,0.843346777192343
Simulated_3459,0.708204330713794
Simulated_909,0.85977342883951
Simulated_911,0.733730922283901
Simulated_910,0.66361293720805
Simulated_899,0.777648739940369
Simulated_925,0.764060423454354
Simulated_902,0.690394332686415
Simulated_2612,0.613548033496544
Simulated_2155,0.851064890833467
Simulated_906,0.86198422943903
Simulated_3631,0.548115668463299
Simulated_913,0.668487459171936
Simulated_2091,0.551910947572467
Simulated_1833,0.980258089780041
Simulated_1301,0.457363159157471
Simulated_1284,0.617911843049868
Simulated_1293,0.560889070538881
Simulated_1281,0.689047707133188
Simulated_2638,0.617417845385646
Simulated_1296,0.837681473058668
Simulated_1382,0.956302482417312
Simulated_3271,0.979789564710414
Simulated_1291,0.825682343414638
Simulated_5413,0.581780973016411
Simulated_1297,0.874628292666612
Simulated_1805,0.578615809462644
Simulated_1802,1.07807221908945
Simulated_1553,0.931516154063284
Simulated_1572,0.94054714609472
Simulated_1537,0.826286921994744
Simulated_1555,0.730986374035203
Simulated_1575,0.634240501114215
Simulated_5807,0.721559560767525
Simulated_1560,0.633995753439812
Simulated_1562,1.00442175723409
Simulated_1561,0.999670081828583
Simulated_2195,0.971608562769185
Simulated_1428,1.16404967966858
Simulated_1577,0.62913074691924
Simulated_1430,0.850800712406035
Simulated_2208,1.04882011698794
Simulated_1579,0.469232689166132
Simulated_894,0.942229665957855
Simulated_884,1.09584097928608
Simulated_887,0.618997363263615
Simulated_895,0.51527472229767
Simulated_920,0.82052638130911
Simulated_916,0.522610361155648
Simulated_1443,0.442516211869997
Simulated_1437,0.53355787754107
Simulated_1457,0.794089407714188
Simulated_5800,0.525458000398948
Simulated_1438,0.458581343321705
Simulated_1452,0.769513362112859
Simulated_6185,0.533253786113635
Simulated_6192,0.964268467551951
Simulated_6198,0.999031569691488
Simulated_6180,0.583808527561041
Simulated_6183,0.642668415575497
Simulated_6197,0.722097933359148
Simulated_6189,0.744264498309891
Simulated_6181,0.455084283037
Simulated_3513,0.814878917630264
Simulated_3510,0.737434291540098
Simulated_3521,0.639068341428548
Simulated_3514,0.529811783240397
Simulated_3516,0.997567564926523
Simulated_3473,1.2380386361137
Simulated_1693,0.91907443678085
Simulated_1665,0.831210790812893
Simulated_1583,0.595160097688078
Simulated_1597,0.668900621235763
Simulated_1373,0.672698046311143
Simulated_1742,0.446125794787198
Simulated_292,0.745696683882174
Simulated_1704,0.64109376995452
Simulated_1663,0.421808934435392
Simulated_300,0.761833615707801
Simulated_1664,1.05675136013084
Simulated_1610,0.998314798394809
Simulated_1584,1.14505059801658
Simulated_5808,0.519685096025736
Simulated_1743,0.462076831657746
Simulated_1357,0.620913718366145
Simulated_1372,0.68709908920587
Simulated_1326,1.00873149197216
Simulated_1696,1.06488440618578
Simulated_3424,0.479060398735065
Simulated_2215,0.73508578653963
Simulated_3426,1.04791851549699
Simulated_1679,0.666390494662579
